Section,Field,Buyer input,Acceptance criteria or evidence,Owner / decision,Notes
Order,Product name / model,,,,
Order,Purchase order / revision,,,,
Order,Factory / production site,,,,
Order,Lot size and planned inspection date,,,,
Order,Planned shipment date and release deadline,,,,
Configuration,SKU / model / size / color / version,,,,
Configuration,Quantity by SKU,,,,
Reference,Approved drawing / sample / specification revision,,,,
Sampling,Standard and edition agreed by the parties,,,,
Sampling,Inspection level / plan / lot definition where applicable,,,,
Sampling,Random sample-selection method and sample record,,,,
Acceptance,Defect classes and agreed acceptance / rejection criteria,,,,
Testing,Functional test steps and expected result,,,,
Measurement,Critical dimensions / tolerances / instrument,,,,
Appearance,Approved visual reference and inspection conditions,,,,
Packaging,Label / barcode / accessories / retail pack,,,,
Packaging,Export carton / marks / packing quantity,,,,
Evidence,Required photographs / readings / report language,,,,
Disposition,Correction / rework / reinspection decision owner,,,,
Release,Final shipment release authority,,,,
